COUNTY~ALEXANDER COUNTY
"http://www.johnsonsmillingandfeed.com"~Johnson’s Milling &amp; Feed, Inc.~Taylorsville
"http://www.alexandercountychamber.com"~Alexander County Chamber of Commerce~Taylorsville
"http://www.visitalexandercounty.com"~Alexander County Tourism~Taylorsville
COUNTY~ALLEGHANY COUNTY
"http://www.blueridgebandb.net"~Blue Ridge Bed and Breakfast~Glade Valley
"http://www.ThisBirds4U.com"~John Harmon Image, Inc~Roaring Gap
"http://www.sparta-nc.com"~Alleghany County Chamber of Commerce~Sparta
"http://www.sparta-nc.com/mountainhouse/"~Blue Ridge Mountain House~Sparta
"http://www.davisbourneinn.com"~Davis-Bourne Inn, Grayson County VA~Independence, VA
COUNTY~ASHE COUNTY
"http://www.nccommerce.com"~NC Division of Tourism, Film &amp; Sports Development~Jefferson
"http://www.shady-grove-gardens.com"~Shady Grove Gardens &amp; Nursery~Vilas
COUNTY~AVERY COUNTY
"http://www.averycounty.com"~Avery County Chamber of Commerce~Banner Elk
"http://www.grandfather.com"~Grandfather Mountain~Linville
COUNTY~BUNCOMBE COUNTY
"http://www.ncarboretum.org"~NC Arboretum~Asheville
"http://www.asheville.wbu.com/"~Wild Birds Unlimited~Asheville
"http://www.compleatnaturalist.com"~The Compleat Naturalist~Asheville
COUNTY~BURKE COUNTY
"http://www.innatglenalpine.com"~Inn at Glen Alpine~Glen Alpine
"http://www.CampLakeJames.com"~Camp Lake James~Morganton
"http://www.ci.morganton.nc.us"~City of Morganton~Morganton
"http://www.co.burke.nc.us"~Burke County~Morganton
"http://www.ci.morganton.nc.us"~Morganton Parks and Recreation~Morganton
"http://www.discoverburkecounty.com"~Burke County Tourism Development Authority~Morganton
COUNTY~CALDWELL COUNTY
"http://www.visitcaldwell.com"~Caldwell County Tourism~Lenoir
COUNTY~CATAWBA COUNTY
"http://www.hickorymetro.com"~Hickory Metro Convention &amp; Visitors Bureau~Hickory
"http://www.catawbacountync.gov/depts/parks/"~Catawba County Planning, Parks &amp; Development~Hickory
"http://www.catawbacountync.gov"~Catawba County~Newton
COUNTY~CHEROKEE COUNTY
"http://www.folkschool.org"~John C. Campbell Folk School~Brasstown
COUNTY~CLEVELAND COUNTY
"http://www.clevelandchamber.org"~Cleveland County Chamber of Commerce~Kings Mountain
"http://www.ncparks.gov"~Crowders Mountain State Park~Kings Mountain
"http://www.rivermist.us"~River Mist~Mooresboro
"http://www.broadrivergreenway.com"~Broad River Greenway~Shelby
"http://www.tourclevelandcounty.com/"~Cleveland County Tourism~Shelby
COUNTY~GRAHAM COUNTY
"http://www.fontanavillage.com/thisdamlife"~Fontana Village~Fontana Dam
"http://www.StecoahValleyCenter.com"~Stecoah Valley Cultural Arts Center~Robbinsville
""~God's Gardens (828-479-1255)~Robbinsville
"www.ncfarmfresh.com/FarmMarketDisplay.asp?FarmID=2026"~Taylor's Greenhouse~Robbinsville
"http://www.appalachianinn.com"~Appalachian Inn Bed &amp; Breakfast~Robbinsville
"www.cs.unca.edu/nfsnc/"~Nantahala National Forest~Robbinsville
COUNTY~HAYWOOD COUNTY
"http://www.clarketonmotel.com"~Clarketon Motel~Maggie Valley
"http://haywood.ces.ncsu.edu/"~Haywood County Cooperative Extension~Waynesville
"http://www.ruxgardens.com"~Rux Gardens~Waynesville
"http://www.thewaynesvilleinn.com/"~The Waynesville Inn - Golf Resort &amp; Spa~Waynesville
COUNTY~JACKSON COUNTY
"http://www.cherokeesmokies.com"~Cherokee Chamber of Commerce~Cherokee
"http://www.baymontinns.com"~Baymont Inn~Cherokee
""~Monteith Farmstead and Appalachian Women's Museum (828-508-0030)~Cullowhee
"http://www.squirewatkinsinn.com"~Squire Watkins Inn~Dillsboro
COUNTY~MACON COUNTY
"http://www.ltlt.org"~Land Trust for the Little Tennessee~Franklin
"http://www.4andahalfstinn.com"~4 1/2 Street Inn~Highlands
"http://www.highlandhiker.com"~Highland Hiker~Highlands
"http://www.highlandschamber.org"~Highlands Area Chamber of Commerce~Highlands
"http://www.main.nc.us/nas-hpc/"~Highlands Plateau Audubon Society~Highlands
"http://www.hicashlt.org/"~Highlands-Cashiers Land Trust~Highlands
"http://www.j-mca.org"~Jackson Macon Conservation Alliance~Highlands
"http://www.morningsidebandbhome.com"~Morningside Bed &amp; Breakfast~Highlands
"http://www.ltlt.org"~The Bird Barn (828-526-3910)~Highlands
"http://www.thechandlerinn.com"~The Chandler Inn~Highlands
"http://www.ltlt.org"~Whiteside Cove Cottage (828-526-2222)~Highlands
COUNTY~MCDOWELL COUNTY
"http://www.springhousefarm.com"~Cottages at Spring House Farm~Marion
"http://www.marionnc.org"~City of Marion~Marion
"http://www.mcdowellnc.org"~McDowell County Tourism Authority~Old Fort
"http://ncmuseumofhistory.org/osm/mgw.html"~Mountain Gateway Museum~Old Fort
COUNTY~MITCHELL COUNTY
"http://www.bakersville.com"~Town of Bakersville~Bakersville
"http://www.altapassorchard.com/"~The Historic Orchard at Altapass~Spruce Pine
"http://www.soapshed.com/store/home.php"~The Blue Ridge Soap Shed~Spruce Pine
COUNTY~POLK COUNTY
"http://www.firstpeaknc.com"~Polk County Travel &amp; Tourism~Columbus
"http://www.pacolet.org"~Pacolet Area Conservancy~Tryon
COUNTY~RUTHERFORD COUNTY
"http://www.chimneyrockpark.com"~Chimney Rock Park~Chimney Rock
COUNTY~SWAIN COUNTY
"http://www.noc.com"~Nantahala Outdoor Center~Bryson City
"http://www.theartistshousegallery.com"~The Artists' House Studio &amp; Gallery~Bryson City
"http://www.endlessriveradventures.com"~Endless River Adventures~Bryson City
"http://www.needmore.com"~Smoky Mountain Jet Boats~Bryson City
"http://www.greatsmokies.com"~Swain Chamber of Commerce~Bryson City
COUNTY~UNION COUNTY
"http://www.bigboomdesign.com"~Big Boom Design~Fairview
COUNTY~WATAUGA COUNTY
"http://www.blowingrock.com"~Blowing Rock Visitor Center~Blowing Rock
"http://blowingrockinn.com"~Blowing Rock Inn~Blowing Rock
"http://visitboonenc.com"~Boone Convention &amp; Visitors Bureau~Boone
"http://www.highcountryhost.com"~High Country Host~Boone
"http://www.exploreboonearea.com"~Watauga County Tourism Development Authority~Boone
"http://www.appstate.edu"~Appalachian State University, Hospitality Management~Boone
"http://www.comfortsuites.com/hotel/nc052"~Comfort Suites~Boone
"http://www.shady-grove-gardens.com"~Shady Grove Gardens and Nursery~Boone
"http://www.altapassorchard.com"~The Historic Orchard at Altapass~Spruce Pine
"http://www.soapshed.com"~The Blue Ridge Soap Shed~Spruce Pine
COUNTY~WILKES COUNTY
"http://www.wilkesnc.org/history/whippoorwill"~Whippoorwill Academy and Village Inc.~Ferguson
"http://www.explorewilkes.com"~Wilkes Chamber of Commerce~North Wilkesboro
"http://www.yadkinrivergreenway.com"~Yadkin River Greenway Council, Inc.~North Wilkesboro
"http://www.wilkes.k12.nc.us/"~Wilkes County Schools~Wilkesboro
"http://www.overlookchair.com"~Overlook Chair~Wilkesboro
"http://www.friendsoflake.org/"~Friends of W. Kerr Scott Lake~Wilkesboro
"http://www.leatherwoodmountains.com/"~Leatherwood Mountains~Wilkesboro
"http://www.addisoninn.com/"~Addison Inn Wilkesboro~Wilkesboro
"http://www.saw.usace.army.mil/wkscott/index.htm"~W. Kerr Scott Reservoir~Wilkesboro
"http://www.wilkescountytourism.com"~Wilkesboro Tourism Development Authority~Wilkesboro
"http://http://wilkes.ces.ncsu.edu/"~Wilkes Cooperative Extension~Wilkesboro
COUNTY~BERTIE COUNTY
"http://www.hopeplantation.org/"~Historic Hope Foundation~Windsor
COUNTY~BRUNSWICK COUNTY
"http://www.carolinabirdclub.org"~Carolina Bird Club~Leland
"http://www.prioritysailing.org"~Priority Sailing Academy~Southport
"http://www.artskipper.com"~Art Skipper Realty~Oak Island
"http://www.sunsetbeachnc.com"~Sunset Properties~Sunset Beach
"http://"~Moe Joe Tours~Charlotte
"http://brunswick.ces.ncsu.edu"~Brunswick County Cooperative Extension~Bolivia
"http://www.oakislandbeachpreservation.org"~Oak Island Beach Preservation Trust~Oak Island
"http://www.SolomonTsouthport.com"~SOLOMON T Cape Fear River Tours~Southport
"http://www.theadventurecompany.net"~The Adventure Company~Southport
"http://www.localharvest.org/farms/M9889"~Shelton's Herb Farm~Leland
"http://www.thesunsetinn.net"~The Sunset Inn~Sunset Beach
COUNTY~CAMDEN COUNTY
"http://www.DismalSwamp.com"~Dismal Swamp Canal Welcome Center~South Mills
COUNTY~CARTERET COUNTY
"http://"~The Nature Corner~Smyrna
"http://www.capelookoutadventures.com"~Core Sound Kayaks and Touring Company~Beaufort
"http://www.coresound.com"~Core Sound Waterfowl Museum~Harkers Island
"http://www.nccoast.org"~NC Coastal Federation~Newport
"http://www.ncaquariums.com"~NC Aquarium at Pine Knoll Shores~Atlantic Beach
"http://"~Chadwick Brothers Marine, Inc. (252) 728-4651~Beaufort
"http://www.kitesunlimitednc.com"~Kites Unlimited &amp; Bird Stuff, Etc.~Atlantic Beach
"http://www.thereddoginnbb.com"~The Red Dog Inn~Beaufort
"http://www.coastalcanvasmfg.com"~Coastal Canvas Manufacturing, Inc.~Straits
"http://www.sharpiesgrill.com/"~Sharpies Grill &amp; Bar~Beaufort
""~The Kindred Spirit and Green Gables Tea Room (252-838-8814)~Beaufort
COUNTY~CHOWAN COUNTY
"http://www.ncnortheast.com/"~Northeastern North Carolina Regional Economic Development Commission~Edenton
"http://www.visitedenton.com"~Chowan County Tourism Development Authority~Edenton
"http://www.chowancounty-nc.gov"~Edenton-Chowan Parks &amp; Recreation Department~Edenton
"http://www.kenobx.com"~Elliott Consulting~Edenton
COUNTY~CURRITUCK COUNTY
"http://www.Visitcurrituck.com"~Currituck County~Currituck
COUNTY~DARE COUNTY
"http://www.capepinesmotel.com"~Cape Pines Motel~Buxton
"http://www.ncsparks.net"~NC State Parks~Manteo
"http://www.thebirdstore.biz"~The Bird Store~Kill Devil Hills
"http://www.outerbankschamber.com"~Outer Banks Chamber of Commerce~Kill Devil Hills
"http://www.sunrealtync.com/"~Sun Realty~Kill Devil Hills
"http://www.wbu.com/kittyhawk"~Wild Birds Unlimited of Kitty Hawk~Kitty Hawk
"http://www.seatreegallery.com"~SeaTree Gallery~Nags Head
"http://www.whitedoeinn.com"~White Doe Inn Bed &amp; Breakfast~Manteo
COUNTY~DUPLIN COUNTY
"http://www.duplinnc.com"~Cabin Lake County Park~Kenansville
"http://www.murrayhouseinn.com"~Murray House Inn~Kenansville
"http://duplin.ces.ncsu.edu/"~Duplin County Cooperative Extension~Kenansville
"http://www.grahamhouseinn.com"~Graham House Inn B &amp; B~Kenansville
"http://www.tarkilfarmsmuseum.com/"~Tarkil Branch Farms Homestead Museum~Beulaville
COUNTY~HALIFAX COUNTY
"http://www.roanokecanal.com/"~Roanoke Canal Museum~Roanoke Rapids
"http://www.visithalifax.com/"~Halifax County Tourism Development Authority~Roanoke Rapids
"http://www.sylvan-heights.org"~Sylvan Heights Waterfowl Park &amp; Eco-Center~Scotland Neck
"http://www.townofscotlandneck.com"~Town of Scotland Neck~Scotland Neck
"http://www.ncfb.com"~Farm Bureau~Scotland Neck
COUNTY~HERTFORD COUNTY
"http://www.murfreesboronc.org"~Murfreesboro Historical Association~Murfreesboro
COUNTY~HYDE COUNTY
"http://"~Sally Dixon's B &amp; B (252) 925-7921~Engelhard
"http://www.merchantcircle.com/business/Heart.Realty.252-925-7200"~Heart Realty~Engelhard
"http://www.bbonline.com/nc/pelican/index.html"~Pelican Lodge~Ocracoke
"http://www.ocracokeisland.com/firefly.htm"~Firefly Gift and Garden~Ocracoke
"http://www.ocracokeisland.com/ocracoke_occasions.htm"~Ocracoke Occassions~Ocracoke
COUNTY~MARTIN COUNTY
"http://"~The Enterprise Newspaper (252) 792-1181~Williamston
"http://www.haughtonhallnc.com"~Haughton Hall B &amp; B~Williamston
"http://www.martin.ces.ncsu.edu"~NC Cooperative Extension - Martin County~Williamston
"http://www.visitmartincounty.com"~Martin County Tourism Development Authority~Williamston
"http://www.holidayinn.com"~Holiday Inn &amp; Econolodge, Motor Inns of Carolina Inc.~Williamston
"http://www.bigmill.com/"~Big Mill Bed &amp; Breakfast~Williamston
"http://www.townofwilliamston.com"~Town of Williamston~Williamston
COUNTY~MOORE COUNTY
"http://"~Birdie’s on Broad Street (910) 695-4264~Southern Pines
COUNTY~NEW HANOVER COUNTY
"http://www.capefearnaturalist.com/"~Cape Fear Naturalist~Wilmington
"http://www.wildbirdgardeninc.com"~Wild Bird &amp; Garden~Wilmington
"http://www.coastlineinn.com"~Best Western Coastline Inn~Wilmington
"http://www.cape-fear.nc.us"~Cape Fear Convention and Visitors Bureau~Wilmington
"http://www.ncaquariums.com"~NC Aquarium at Fort Fisher~Kure Beach
"http://www.unitedbeachvacations.com"~United Beach Vacations~Carolina Beach
COUNTY~ONSLOW COUNTY
"http://www.topsailcoc.com"~Greater Topsail Area Chamber of Commerce &amp; Tourism~Surf City
"http://www.jacksonvilleonline.org"~Jacksonville-Onslow Chamber of Commerce~Jacksonville
COUNTY~PASQUOTANK COUNTY
"http://www.discoverec.org/"~Elizabeth City Convention and Visitors Bureau~Elizabeth City
COUNTY~PENDER COUNTY
"http://www.poplargrove.org"~Poplar Grove Plantation~Wilmington
COUNTY~PITT COUNTY
"http://www.sustainabletourism.org"~East Carolina University, Center for Sustainable Tourism and the Office of Economic Development~Greenville
COUNTY~ROBESON COUNTY
"http://"~River Way - Center for Community Action (910) 739-7851~Lumberton
COUNTY~SAMPSON COUNTY
"http://www.jacksonfarm.com"~Jackson Farm~Godwin
COUNTY~TYRRELL COUNTY
"http://"~Tyrrell County Community Development Corporation (252) 796-1991~Columbia
"http://www.eastern4hcenter.org"~Eastern 4-H Education and Conference Center~Columbia
"http://www.palmettopeartree.org"~Palmetto-Peartree Preserve~Columbia
"http://www.albemarle-nc.com/tyrrell/visitors"~Tyrrell County Visitor Center~Columbia
"http://www.lasseterslanding.com"~B &amp; B on the Sound at Lasseters Landing~Columbia
"http://www.pocosinarts.org"~Pocosin Arts Folk School~Columbia
"http://www.townofcolumbianc.com"~Town of Columbia~Columbia
"http://www.ncagr.com/ncproducts/ShowSite.asp?ID=100130"~Full Circle Crab Company~Columbia
"http://www.alligatorexpedition.com"~Alligator River Expeditions~Columbia
COUNTY~WARREN COUNTY
"http://www.easternbluebirdrescue.org"~Eastern Bluebird Rescue Group &amp; Newell Farmsm~Littleton
COUNTY~WASHINGTON COUNTY
"http://www.washconc.org/economic_dev/economic_development.htm"~Washington County Economic Development~Plymouth
"http://www.visitwashingtoncountync.com/"~Washington County Travel &amp; Tourism~Plymouth
"http://www.washingtonco.k12.nc.us/index.html"~Washington County Board of Education ~Plymouth
"http://www.pettigrewlibraries.org/"~Pettigrew Regional Library Board~Plymouth
"http://www.visitplymouthnc.com/"~Town of Plymouth~Plymouth
"http://www.HIExpress.com"~Holiday Inn Express~Plymouth
"http://"~McAllister’s Academy Inn B &amp; B (252) 791-0044~Roper
"http://www.livinghistoryweekend.com/port_o.htm"~Port O’Plymouth Museum~Plymouth
"http://"~Golden Skillet Restaurant (252) 793-9083~Plymouth
"http://"~The Roanoke Beacon (252) 793-2123~Plymouth
"http://shop.mfpnuts.com/index.php"~Mackey Ferry Peanuts~Roper
"http://"~Plymouth Municipal Airport (252) 793-9801~Plymouth
"http://www.FourGablesBandB.com"~The Four Gables Bed &amp; Breakfast~Plymouth
COUNTY~WASHINGTON/TYRRELL COUNTY
"http://www.ncsparks.net"~Pettigrew State Park~Creswell
"http://www.fws.gov/pocosinlakes/"~Pocosin Lakes National Wildlife Refuge~Columbia
COUNTY~WAYNE COUNTY
"http://www.greatergoldsboro.com"~Goldsboro/Wayne County Travel &amp; Tourism~Goldsboro
"http://www.ncpaddletrails.org/"~NC Paddle Trails Association~Pikeville
COUNTY~WILSON COUNTY
"http://www.wilson-nc.com"~Wilson Visitors Bureau~Wilson
COUNTY~ALAMANCE COUNTY
"http://www.rockworthhouse.com"~Rockworth House~Burlington
"http://thelodgehouse.net/default.aspx"~The Lodge House~Burlington
COUNTY~ANSON COUNTY
"http://www.discoveranson.com"~Anson County Tourism Development Authority~Wadesboro
"http://www.theforeverinn.com/"~The Forever Inn Bed &amp; Breakfast~Wadesboro
"http://maryericksonart.com/workshops.html"~High Ridge Gardens~Marshville
COUNTY~CHATHAM COUNTY
"http://visitpittsboro.com"~Pittsboro-Siler City Convention &amp; Visitors Bureau~Pittsboro
"http://www.ncesf.org"~Jordan Lake Educational State Forest~Chapel Hill
"http://www.laurel-ridge.com"~Bed &amp; Breakfast at Laurel Ridge~Siler City
COUNTY~CUMBERLAND COUNTY
"http://www.VisitFayettevilleNC.com"~Fayetteville Area Convention &amp; Visitors Bureau~Fayetteville
"http://www.capefearbg.org"~Cape Fear Botanical Garden~Fayetteville
"http://www.sandhillslandtrust.org"~Sandhills Area Land Trust~Fayetteville
COUNTY~DURHAM COUNTY
"http://www.moreheadmanor.com/"~Morehead Manor Bed and Breakfast~Durham
COUNTY~FORSYTH COUNTY
"http://www.nccommerce.com"~NC Division of Tourism~Winston-Salem
"http://www.brpfoundation.org/"~Blue Ridge Parkway Foundation~Winston-Salem
"http://www.forsyth.cc/tanglewood/"~Tanglewood Park~Tobaccoville
""~Kerr &amp; Associates (336-722-4090)~Kernersville
COUNTY~GASTON COUNTY
"http://www.robinsnestbb.com/"~Robin's Nest Bed &amp; Breakfast~Mt Holly
COUNTY~GUILFORD COUNTY
"http://www.co.guilford.nc.us"~Guilford County~Greensboro
"http://www.piedmontland.org/"~Piedmont Land Conservancy~Greensboro
"http://highpoint.wbu.com/"~Wild Birds Unlimited~High Point
COUNTY~HARNETT COUNTY
"http://www.dunntourism.org/"~Dunn Area Tourism Authority~Dunn
COUNTY~HOKE COUNTY
"http://www.raftswampfarms.org"~Raft Swamp Farms~Raeford
COUNTY~MONTGOMERY COUNTY
"http://www.montgomery-county.com"~Montgomery Tourism Development Authority~Troy
COUNTY~MOORE COUNTY
"http://www.homeofgolf.com"~Pinehurst, Southern Pines, Aberdeen Area Convention &amp; Visitors Bureau~Southern Pines
COUNTY~RANDOLPH COUNTY
"http://www.polestarstudios.com"~Polestar Studios~Asheboro
"http://www.tomscreeknursery.com/"~Toms Creek Nursery~Asheboro
COUNTY~ROCKINGHAM COUNTY
"http://www.riverbirchvineyards.com/"~Riverbirch Vineyards~Reidsville
"http://www.danriver.org/"~Dan River Basin Association~Reidsville
"http://rockingham.ces.ncsu.edu"~NC Cooperative Extension~Reidsville
"http://www.co.rockingham.nc.us/"~Rockingham County Government~Wentworth
"http://www.ncnorthstar.com/"~Rockingham County Tourism Development Authority~Wentworth
"http://www.danriver.org/"~Dan River Basin Association~Eden
""~Alley Farm~Summerfield
"http://www.peaceofedenfarms.com/"~Peace of Eden Farm~Madison
COUNTY~ROWAN COUNTY
"http://www.co.rowan.nc.us/parks"~Rowan County Parks &amp; Recreation Department~Salisbury
"http://www.bedandbikeinn.com"~The Bed and Bike Inn~Gold Hill
COUNTY~SCOTLAND COUNTY
"http://www.womanwithvision.com"~Vision Realty of Scotland County~Laurinburg
COUNTY~STANLY COUNTY
"http://"~Mountain Creek Bed &amp; Breakfast (704) 463-0256~New London
COUNTY~SURRY COUNTY
"http://www.maxwellhousebb.com"~Maxwell House Bed &amp; Breakfast~Mount Airy
"http://www.visitmayberry.com"~Mount Airy Chamber of Commerce~Mount Airy
"http://www.whitesulphurspringsnc.com/"~White Sulphur Springs~Mount Airy
"http://www.sobottamanor.com/"~Sobotta Manor Bed and Breakfast~Mount Airy
"http://www.simplelivingtv.net/"~Simple Living~Mount Airy
"http://www.visitmountairy.com/"~Gilmer-Smith Foundation~Mount Airy
"http://www.oldnorthstatewinery.com/"~Old North State Winery~Mount Airy
"http://www.bbonline.com/nc/thompsonhouse/"~Thompson House~Mount Airy
"http://www.visitmayberry.com/"~Mount Airy Visitor Center~Mount Airy
"http://www.mainoakemporium.com/"~Main Oak Emporium~Mount Airy
"http://www.wolfcreekfarmva.com/"~Wolf Creek Farm~Ararat, Virginia
COUNTY~UNION COUNTY
"http://www.visitmonroenc.org"~Monroe Tourism &amp; Visitors Bureau~Monroe
COUNTY~VANCE COUNTY
"http://www.lamplightbnb.net"~Lamplight Inn Bed &amp; Breakfast~Henderson
"http://www.beeskneescountrystore.com/"~The Bees' Knees~Henderson
COUNTY~WAKE COUNTY
"http://www.tlc-nc.org"~Triangle Land Conservancy~Raleigh
"http://www.nhvry.org"~North Carolina Railroad Museum~Apex
"http://www.ci.garner.nc.us/prdept.htm"~Town of Garner Parks and Recreation Department~Garner
"http://www.tlc-nc.org"~Triangle Land Conservancy~Raleigh
COUNTY~YADKIN COUNTY
"http://www.sandersridge.com"~Sanders Ridge Organic Farm, Vineyard and Winery~Booneville